,mean,std
logP,2.4570930029063045,1.4343296761376287
qed,0.7282644882810511,0.1395650745629226
SAS,3.053235235089833,0.8347961254439884
